issue_time_utc,issue_time_local,target_time_utc,target_time_local,lead_h,horizon,revision,power_t1,power_t2,power_farm,p10,p90,ws100_fc,wx_field,wx_model,model_name,fallback_used,run_id
2026-01-10T19:00:00Z,2026-01-11T00:00:00+05:00,2026-01-10T19:00:00Z,2026-01-11T00:00:00+05:00,0,24h,0,0.513,0.4669,0.5532,0.1147,0.9543,7.54,day1,best_match,gbm,False,20260111T0000-55020e
2026-01-10T19:00:00Z,2026-01-11T00:00:00+05:00,2026-01-10T20:00:00Z,2026-01-11T01:00:00+05:00,1,24h,0,0.524,0.5116,0.5536,0.123,0.9674,7.62,day1,best_match,gbm,False,20260111T0000-55020e
2026-01-10T19:00:00Z,2026-01-11T00:00:00+05:00,2026-01-10T21:00:00Z,2026-01-11T02:00:00+05:00,2,24h,0,0.5917,0.57,0.579,0.0643,0.8925,7.3,day1,best_match,gbm,False,20260111T0000-55020e
2026-01-10T19:00:00Z,2026-01-11T00:00:00+05:00,2026-01-10T22:00:00Z,2026-01-11T03:00:00+05:00,3,24h,0,0.6662,0.595,0.6244,0.0482,0.8966,6.91,day1,best_match,gbm,False,20260111T0000-55020e
2026-01-10T19:00:00Z,2026-01-11T00:00:00+05:00,2026-01-10T23:00:00Z,2026-01-11T04:00:00+05:00,4,24h,0,0.6467,0.5869,0.5801,0.0356,0.8742,6.58,day1,best_match,gbm,False,20260111T0000-55020e
2026-01-10T19:00:00Z,2026-01-11T00:00:00+05:00,2026-01-11T00:00:00Z,2026-01-11T05:00:00+05:00,5,24h,0,0.7594,0.6601,0.6695,0.0666,0.9062,7.2,day1,best_match,gbm,False,20260111T0000-55020e
2026-01-10T19:00:00Z,2026-01-11T00:00:00+05:00,2026-01-11T01:00:00Z,2026-01-11T06:00:00+05:00,6,24h,0,0.7684,0.6809,0.6671,0.0761,0.9069,7.29,day1,best_match,gbm,False,20260111T0000-55020e
2026-01-10T19:00:00Z,2026-01-11T00:00:00+05:00,2026-01-11T02:00:00Z,2026-01-11T07:00:00+05:00,7,24h,0,0.7539,0.6742,0.6985,0.0867,0.8852,7.16,day1,best_match,gbm,False,20260111T0000-55020e
2026-01-10T19:00:00Z,2026-01-11T00:00:00+05:00,2026-01-11T03:00:00Z,2026-01-11T08:00:00+05:00,8,24h,0,0.714,0.693,0.7318,0.1154,0.886,6.69,day1,best_match,gbm,False,20260111T0000-55020e
2026-01-10T19:00:00Z,2026-01-11T00:00:00+05:00,2026-01-11T04:00:00Z,2026-01-11T09:00:00+05:00,9,24h,0,0.7579,0.7047,0.7395,0.1248,0.8759,6.55,day1,best_match,gbm,False,20260111T0000-55020e
2026-01-10T19:00:00Z,2026-01-11T00:00:00+05:00,2026-01-11T05:00:00Z,2026-01-11T10:00:00+05:00,10,24h,0,0.8168,0.8119,0.7606,0.2077,0.9689,7.85,day1,best_match,gbm,False,20260111T0000-55020e
2026-01-10T19:00:00Z,2026-01-11T00:00:00+05:00,2026-01-11T06:00:00Z,2026-01-11T11:00:00+05:00,11,24h,0,0.7235,0.7315,0.7187,0.1386,0.9108,7.09,day1,best_match,gbm,False,20260111T0000-55020e
2026-01-10T19:00:00Z,2026-01-11T00:00:00+05:00,2026-01-11T07:00:00Z,2026-01-11T12:00:00+05:00,12,24h,0,0.7971,0.7896,0.8009,0.2055,0.9696,7.81,day1,best_match,gbm,False,20260111T0000-55020e
2026-01-10T19:00:00Z,2026-01-11T00:00:00+05:00,2026-01-11T08:00:00Z,2026-01-11T13:00:00+05:00,13,24h,0,0.8492,0.8111,0.8322,0.2277,0.9586,8.14,day1,best_match,gbm,False,20260111T0000-55020e
2026-01-10T19:00:00Z,2026-01-11T00:00:00+05:00,2026-01-11T09:00:00Z,2026-01-11T14:00:00+05:00,14,24h,0,0.9172,0.8588,0.8528,0.1527,0.9798,8.63,day1,best_match,gbm,False,20260111T0000-55020e
2026-01-10T19:00:00Z,2026-01-11T00:00:00+05:00,2026-01-11T10:00:00Z,2026-01-11T15:00:00+05:00,15,24h,0,0.6084,0.5652,0.5856,0.0213,0.9138,6.43,day1,best_match,gbm,False,20260111T0000-55020e
2026-01-10T19:00:00Z,2026-01-11T00:00:00+05:00,2026-01-11T11:00:00Z,2026-01-11T16:00:00+05:00,16,24h,0,0.4454,0.4293,0.4343,0.0151,0.8122,6.13,day1,best_match,gbm,False,20260111T0000-55020e
2026-01-10T19:00:00Z,2026-01-11T00:00:00+05:00,2026-01-11T12:00:00Z,2026-01-11T17:00:00+05:00,17,24h,0,0.3074,0.2812,0.2801,0.0085,0.7572,5.94,day2,best_match,gbm,False,20260111T0000-55020e
2026-01-10T19:00:00Z,2026-01-11T00:00:00+05:00,2026-01-11T13:00:00Z,2026-01-11T18:00:00+05:00,18,24h,0,0.1686,0.169,0.1394,0.0036,0.6056,5.66,day2,best_match,gbm,False,20260111T0000-55020e
2026-01-10T19:00:00Z,2026-01-11T00:00:00+05:00,2026-01-11T14:00:00Z,2026-01-11T19:00:00+05:00,19,24h,0,0.2217,0.2193,0.2241,0.0068,0.655,5.77,day2,best_match,gbm,False,20260111T0000-55020e
2026-01-10T19:00:00Z,2026-01-11T00:00:00+05:00,2026-01-11T15:00:00Z,2026-01-11T20:00:00+05:00,20,24h,0,0.2089,0.1934,0.2146,0.0048,0.6099,5.27,day2,best_match,gbm,False,20260111T0000-55020e
2026-01-10T19:00:00Z,2026-01-11T00:00:00+05:00,2026-01-11T16:00:00Z,2026-01-11T21:00:00+05:00,21,24h,0,0.2937,0.2878,0.2808,0.007,0.7298,5.52,day2,best_match,gbm,False,20260111T0000-55020e
2026-01-10T19:00:00Z,2026-01-11T00:00:00+05:00,2026-01-11T17:00:00Z,2026-01-11T22:00:00+05:00,22,24h,0,0.3143,0.2965,0.2968,0.0367,0.8003,6.42,day2,best_match,gbm,False,20260111T0000-55020e
2026-01-10T19:00:00Z,2026-01-11T00:00:00+05:00,2026-01-11T18:00:00Z,2026-01-11T23:00:00+05:00,23,24h,0,0.4846,0.4402,0.4425,0.0608,0.8904,7.33,day2,best_match,gbm,False,20260111T0000-55020e
2026-01-10T19:00:00Z,2026-01-11T00:00:00+05:00,2026-01-11T19:00:00Z,2026-01-12T00:00:00+05:00,24,48h,0,0.4784,0.4308,0.4694,0.0742,0.9194,7.54,day2,best_match,gbm,False,20260111T0000-55020e
2026-01-10T19:00:00Z,2026-01-11T00:00:00+05:00,2026-01-11T20:00:00Z,2026-01-12T01:00:00+05:00,25,48h,0,0.4671,0.4247,0.4604,0.08,0.9278,7.41,day2,best_match,gbm,False,20260111T0000-55020e
2026-01-10T19:00:00Z,2026-01-11T00:00:00+05:00,2026-01-11T21:00:00Z,2026-01-12T02:00:00+05:00,26,48h,0,0.3116,0.3179,0.3454,0.0304,0.8356,6.83,day2,best_match,gbm,False,20260111T0000-55020e
2026-01-10T19:00:00Z,2026-01-11T00:00:00+05:00,2026-01-11T22:00:00Z,2026-01-12T03:00:00+05:00,27,48h,0,0.3102,0.2684,0.3364,0.0567,0.8561,6.58,day2,best_match,gbm,False,20260111T0000-55020e
2026-01-10T19:00:00Z,2026-01-11T00:00:00+05:00,2026-01-11T23:00:00Z,2026-01-12T04:00:00+05:00,28,48h,0,0.2302,0.2137,0.2398,0.0056,0.681,5.28,day2,best_match,gbm,False,20260111T0000-55020e
2026-01-10T19:00:00Z,2026-01-11T00:00:00+05:00,2026-01-12T00:00:00Z,2026-01-12T05:00:00+05:00,29,48h,0,0.0321,0.0181,0.0285,0.0,0.1813,2.57,day2,best_match,gbm,False,20260111T0000-55020e
2026-01-10T19:00:00Z,2026-01-11T00:00:00+05:00,2026-01-12T01:00:00Z,2026-01-12T06:00:00+05:00,30,48h,0,0.0308,0.026,0.0325,0.0,0.1439,2.41,day2,best_match,gbm,False,20260111T0000-55020e
2026-01-10T19:00:00Z,2026-01-11T00:00:00+05:00,2026-01-12T02:00:00Z,2026-01-12T07:00:00+05:00,31,48h,0,0.0154,0.0134,0.0168,0.0,0.1785,2.05,day2,best_match,gbm,False,20260111T0000-55020e
2026-01-10T19:00:00Z,2026-01-11T00:00:00+05:00,2026-01-12T03:00:00Z,2026-01-12T08:00:00+05:00,32,48h,0,0.0452,0.0239,0.0396,0.0,0.2957,3.43,day2,best_match,gbm,False,20260111T0000-55020e
2026-01-10T19:00:00Z,2026-01-11T00:00:00+05:00,2026-01-12T04:00:00Z,2026-01-12T09:00:00+05:00,33,48h,0,0.0644,0.0683,0.0577,0.0,0.5845,5.16,day2,best_match,gbm,False,20260111T0000-55020e
2026-01-10T19:00:00Z,2026-01-11T00:00:00+05:00,2026-01-12T05:00:00Z,2026-01-12T10:00:00+05:00,34,48h,0,0.0817,0.1247,0.0801,0.0,0.6337,5.47,day2,best_match,gbm,False,20260111T0000-55020e
2026-01-10T19:00:00Z,2026-01-11T00:00:00+05:00,2026-01-12T06:00:00Z,2026-01-12T11:00:00+05:00,35,48h,0,0.0343,0.0431,0.0269,0.0,0.3767,4.06,day2,best_match,gbm,False,20260111T0000-55020e
2026-01-10T19:00:00Z,2026-01-11T00:00:00+05:00,2026-01-12T07:00:00Z,2026-01-12T12:00:00+05:00,36,48h,0,0.1396,0.1141,0.1067,0.0,0.5776,4.67,day2,best_match,gbm,False,20260111T0000-55020e
2026-01-10T19:00:00Z,2026-01-11T00:00:00+05:00,2026-01-12T08:00:00Z,2026-01-12T13:00:00+05:00,37,48h,0,0.2274,0.2157,0.2056,0.0,0.6947,5.68,day2,best_match,gbm,False,20260111T0000-55020e
2026-01-10T19:00:00Z,2026-01-11T00:00:00+05:00,2026-01-12T09:00:00Z,2026-01-12T14:00:00+05:00,38,48h,0,0.3071,0.3045,0.311,0.0082,0.854,7.25,day2,best_match,gbm,False,20260111T0000-55020e
2026-01-10T19:00:00Z,2026-01-11T00:00:00+05:00,2026-01-12T10:00:00Z,2026-01-12T15:00:00+05:00,39,48h,0,0.5126,0.4682,0.3844,0.0204,0.9126,9.65,day2,best_match,gbm,False,20260111T0000-55020e
2026-01-10T19:00:00Z,2026-01-11T00:00:00+05:00,2026-01-12T11:00:00Z,2026-01-12T16:00:00+05:00,40,48h,0,0.5193,0.4665,0.4316,0.0191,0.9181,9.35,day2,best_match,gbm,False,20260111T0000-55020e
2026-01-10T19:00:00Z,2026-01-11T00:00:00+05:00,2026-01-12T12:00:00Z,2026-01-12T17:00:00+05:00,41,48h,0,0.2721,0.2493,0.235,0.003,0.7367,6.1,day3,best_match,gbm,False,20260111T0000-55020e
2026-01-10T19:00:00Z,2026-01-11T00:00:00+05:00,2026-01-12T13:00:00Z,2026-01-12T18:00:00+05:00,42,48h,0,0.1565,0.138,0.1137,0.0029,0.4483,4.38,day3,best_match,gbm,False,20260111T0000-55020e
2026-01-10T19:00:00Z,2026-01-11T00:00:00+05:00,2026-01-12T14:00:00Z,2026-01-12T19:00:00+05:00,43,48h,0,0.1831,0.1544,0.1333,0.0029,0.5673,4.66,day3,best_match,gbm,False,20260111T0000-55020e
2026-01-10T19:00:00Z,2026-01-11T00:00:00+05:00,2026-01-12T15:00:00Z,2026-01-12T20:00:00+05:00,44,48h,0,0.3878,0.3568,0.3718,0.0287,0.8349,7.5,day3,best_match,gbm,False,20260111T0000-55020e
2026-01-10T19:00:00Z,2026-01-11T00:00:00+05:00,2026-01-12T16:00:00Z,2026-01-12T21:00:00+05:00,45,48h,0,0.2877,0.2568,0.2672,0.0008,0.7084,5.85,day3,best_match,gbm,False,20260111T0000-55020e
2026-01-10T19:00:00Z,2026-01-11T00:00:00+05:00,2026-01-12T17:00:00Z,2026-01-12T22:00:00+05:00,46,48h,0,0.2586,0.2111,0.2234,0.0006,0.6858,5.56,day3,best_match,gbm,False,20260111T0000-55020e
2026-01-10T19:00:00Z,2026-01-11T00:00:00+05:00,2026-01-12T18:00:00Z,2026-01-12T23:00:00+05:00,47,48h,0,0.2916,0.2628,0.2677,0.0033,0.7662,6.49,day3,best_match,gbm,False,20260111T0000-55020e
2026-01-10T19:00:00Z,2026-01-11T00:00:00+05:00,2026-01-11T09:00:00Z,2026-01-11T14:00:00+05:00,14,24h,1,0.9172,0.8588,0.8528,0.1527,0.9798,8.63,day1,best_match,gbm,False,20260111T0000-55020e
2026-01-10T19:00:00Z,2026-01-11T00:00:00+05:00,2026-01-11T10:00:00Z,2026-01-11T15:00:00+05:00,15,24h,1,0.6084,0.5652,0.5856,0.0213,0.9138,6.43,day1,best_match,gbm,False,20260111T0000-55020e
2026-01-10T19:00:00Z,2026-01-11T00:00:00+05:00,2026-01-11T11:00:00Z,2026-01-11T16:00:00+05:00,16,24h,1,0.4454,0.4293,0.4343,0.0151,0.8122,6.13,day1,best_match,gbm,False,20260111T0000-55020e
2026-01-10T19:00:00Z,2026-01-11T00:00:00+05:00,2026-01-11T12:00:00Z,2026-01-11T17:00:00+05:00,17,24h,1,0.3125,0.2807,0.2858,0.0085,0.7283,5.84,day1,best_match,gbm,False,20260111T0000-55020e
2026-01-10T19:00:00Z,2026-01-11T00:00:00+05:00,2026-01-11T13:00:00Z,2026-01-11T18:00:00+05:00,18,24h,1,0.2011,0.1946,0.1676,0.0072,0.6306,5.86,day1,best_match,gbm,False,20260111T0000-55020e
2026-01-10T19:00:00Z,2026-01-11T00:00:00+05:00,2026-01-11T14:00:00Z,2026-01-11T19:00:00+05:00,19,24h,1,0.2109,0.2057,0.218,0.0065,0.6178,5.57,day1,best_match,gbm,False,20260111T0000-55020e
2026-01-10T19:00:00Z,2026-01-11T00:00:00+05:00,2026-01-11T15:00:00Z,2026-01-11T20:00:00+05:00,20,24h,1,0.2114,0.2005,0.2146,0.0048,0.6068,5.18,day1,best_match,gbm,False,20260111T0000-55020e
2026-01-10T19:00:00Z,2026-01-11T00:00:00+05:00,2026-01-11T16:00:00Z,2026-01-11T21:00:00+05:00,21,24h,1,0.2937,0.2878,0.2808,0.007,0.6956,5.43,day1,best_match,gbm,False,20260111T0000-55020e
2026-01-10T19:00:00Z,2026-01-11T00:00:00+05:00,2026-01-11T17:00:00Z,2026-01-11T22:00:00+05:00,22,24h,1,0.3398,0.3139,0.3414,0.0468,0.8306,6.45,day1,best_match,gbm,False,20260111T0000-55020e
2026-01-10T19:00:00Z,2026-01-11T00:00:00+05:00,2026-01-11T18:00:00Z,2026-01-11T23:00:00+05:00,23,24h,1,0.3534,0.3387,0.3548,0.0365,0.8635,6.75,day1,best_match,gbm,False,20260111T0000-55020e
2026-01-10T19:00:00Z,2026-01-11T00:00:00+05:00,2026-01-11T19:00:00Z,2026-01-12T00:00:00+05:00,24,48h,1,0.4371,0.3908,0.4353,0.0673,0.9188,7.27,day1,best_match,gbm,False,20260111T0000-55020e
2026-01-10T19:00:00Z,2026-01-11T00:00:00+05:00,2026-01-11T20:00:00Z,2026-01-12T01:00:00+05:00,25,48h,1,0.4252,0.3837,0.4263,0.0784,0.9086,7.15,day1,best_match,gbm,False,20260111T0000-55020e
2026-01-10T19:00:00Z,2026-01-11T00:00:00+05:00,2026-01-11T21:00:00Z,2026-01-12T02:00:00+05:00,26,48h,1,0.3116,0.3179,0.3331,0.0304,0.8467,6.6,day1,best_match,gbm,False,20260111T0000-55020e
2026-01-10T19:00:00Z,2026-01-11T00:00:00+05:00,2026-01-11T22:00:00Z,2026-01-12T03:00:00+05:00,27,48h,1,0.2779,0.2388,0.2815,0.0082,0.717,5.53,day1,best_match,gbm,False,20260111T0000-55020e
2026-01-10T19:00:00Z,2026-01-11T00:00:00+05:00,2026-01-11T23:00:00Z,2026-01-12T04:00:00+05:00,28,48h,1,0.0566,0.031,0.0525,0.0023,0.3103,3.06,day1,best_match,gbm,False,20260111T0000-55020e
2026-01-10T19:00:00Z,2026-01-11T00:00:00+05:00,2026-01-12T00:00:00Z,2026-01-12T05:00:00+05:00,29,48h,1,0.0321,0.0181,0.0285,0.0,0.1813,2.57,day2,best_match,gbm,False,20260111T0000-55020e
2026-01-10T19:00:00Z,2026-01-11T00:00:00+05:00,2026-01-12T01:00:00Z,2026-01-12T06:00:00+05:00,30,48h,1,0.0308,0.026,0.0325,0.0,0.1439,2.41,day2,best_match,gbm,False,20260111T0000-55020e
2026-01-10T19:00:00Z,2026-01-11T00:00:00+05:00,2026-01-12T02:00:00Z,2026-01-12T07:00:00+05:00,31,48h,1,0.0154,0.0134,0.0168,0.0,0.1785,2.05,day2,best_match,gbm,False,20260111T0000-55020e
2026-01-10T19:00:00Z,2026-01-11T00:00:00+05:00,2026-01-12T03:00:00Z,2026-01-12T08:00:00+05:00,32,48h,1,0.0452,0.0239,0.0396,0.0,0.2957,3.43,day2,best_match,gbm,False,20260111T0000-55020e
2026-01-10T19:00:00Z,2026-01-11T00:00:00+05:00,2026-01-12T04:00:00Z,2026-01-12T09:00:00+05:00,33,48h,1,0.0644,0.0683,0.0577,0.0,0.5845,5.16,day2,best_match,gbm,False,20260111T0000-55020e
2026-01-10T19:00:00Z,2026-01-11T00:00:00+05:00,2026-01-12T05:00:00Z,2026-01-12T10:00:00+05:00,34,48h,1,0.0817,0.1247,0.0801,0.0,0.6337,5.47,day2,best_match,gbm,False,20260111T0000-55020e
2026-01-10T19:00:00Z,2026-01-11T00:00:00+05:00,2026-01-12T06:00:00Z,2026-01-12T11:00:00+05:00,35,48h,1,0.0343,0.0431,0.0269,0.0,0.3767,4.06,day2,best_match,gbm,False,20260111T0000-55020e
2026-01-10T19:00:00Z,2026-01-11T00:00:00+05:00,2026-01-12T07:00:00Z,2026-01-12T12:00:00+05:00,36,48h,1,0.1396,0.1141,0.1067,0.0,0.5776,4.67,day2,best_match,gbm,False,20260111T0000-55020e
2026-01-10T19:00:00Z,2026-01-11T00:00:00+05:00,2026-01-12T08:00:00Z,2026-01-12T13:00:00+05:00,37,48h,1,0.2274,0.2157,0.2056,0.0,0.6947,5.68,day2,best_match,gbm,False,20260111T0000-55020e
2026-01-10T19:00:00Z,2026-01-11T00:00:00+05:00,2026-01-12T09:00:00Z,2026-01-12T14:00:00+05:00,38,48h,1,0.3071,0.3045,0.311,0.0082,0.854,7.25,day2,best_match,gbm,False,20260111T0000-55020e
2026-01-10T19:00:00Z,2026-01-11T00:00:00+05:00,2026-01-12T10:00:00Z,2026-01-12T15:00:00+05:00,39,48h,1,0.5126,0.4682,0.3844,0.0204,0.9126,9.65,day2,best_match,gbm,False,20260111T0000-55020e
2026-01-10T19:00:00Z,2026-01-11T00:00:00+05:00,2026-01-12T11:00:00Z,2026-01-12T16:00:00+05:00,40,48h,1,0.5193,0.4665,0.4316,0.0191,0.9181,9.35,day2,best_match,gbm,False,20260111T0000-55020e
2026-01-10T19:00:00Z,2026-01-11T00:00:00+05:00,2026-01-12T12:00:00Z,2026-01-12T17:00:00+05:00,41,48h,1,0.2838,0.2909,0.283,0.0079,0.8203,6.72,day2,best_match,gbm,False,20260111T0000-55020e
2026-01-10T19:00:00Z,2026-01-11T00:00:00+05:00,2026-01-12T13:00:00Z,2026-01-12T18:00:00+05:00,42,48h,1,0.2857,0.2541,0.2352,0.0083,0.7437,6.55,day2,best_match,gbm,False,20260111T0000-55020e
2026-01-10T19:00:00Z,2026-01-11T00:00:00+05:00,2026-01-12T14:00:00Z,2026-01-12T19:00:00+05:00,43,48h,1,0.302,0.2846,0.3156,0.0171,0.8092,6.98,day2,best_match,gbm,False,20260111T0000-55020e
2026-01-10T19:00:00Z,2026-01-11T00:00:00+05:00,2026-01-12T15:00:00Z,2026-01-12T20:00:00+05:00,44,48h,1,0.2577,0.2845,0.2809,0.0071,0.7825,6.8,day2,best_match,gbm,False,20260111T0000-55020e
2026-01-10T19:00:00Z,2026-01-11T00:00:00+05:00,2026-01-12T16:00:00Z,2026-01-12T21:00:00+05:00,45,48h,1,0.1533,0.2018,0.2097,0.0,0.7397,6.1,day2,best_match,gbm,False,20260111T0000-55020e
2026-01-10T19:00:00Z,2026-01-11T00:00:00+05:00,2026-01-12T17:00:00Z,2026-01-12T22:00:00+05:00,46,48h,1,0.1141,0.1373,0.1276,0.0,0.6677,5.61,day2,best_match,gbm,False,20260111T0000-55020e
2026-01-10T19:00:00Z,2026-01-11T00:00:00+05:00,2026-01-12T18:00:00Z,2026-01-12T23:00:00+05:00,47,48h,1,0.2304,0.2205,0.2212,0.0036,0.7423,6.55,day2,best_match,gbm,False,20260111T0000-55020e
